pattern	annoying	legitimate	n_annoying	n_legitimate	p	q
arc:VBN-auxpass->VB	15	9	72	221	0.00013	0.04992
arc:VBN-aux->MD	13	9	72	221	0.00116	0.1831
arc:VBZ-punct->.	16	96	72	221	0.001856	0.1831
X:tag=JJ	8	4	72	221	0.002116	0.1831
root:VBZ	14	88	72	221	0.002384	0.1831
arc:VBP-prep->IN	23	41	72	221	0.003811	0.1863
tag:VBP	48	111	72	221	0.004359	0.1863
arc:VBG-dobj->NN	7	61	72	221	0.004418	0.1863
arc:VBG-advmod->RB	0	28	72	221	0.004543	0.1863
arc:VBG-dobj->NNS	2	37	72	221	0.005899	0.1863
X:tag=VBN	16	18	72	221	0.006478	0.1863
root:VBP	30	56	72	221	0.006757	0.1863
X:dep=acomp	7	4	72	221	0.006919	0.1863
frame:than=cc<-JJ	7	4	72	221	0.007692	0.1863
arc:VBP-dobj->NNS	15	21	72	221	0.008189	0.1863
tag:VBG	27	128	72	221	0.008217	0.1863
Y:dep=conj	41	84	72	221	0.008248	0.1863
arc:VBP-punct->.	29	56	72	221	0.008877	0.1885
Y:tag=VBN	9	7	72	221	0.009739	0.1885
arc:VBG-dobj->PRP	7	4	72	221	0.009819	0.1885
frame:than=cc<-VBN	14	16	72	221	0.01444	0.2521
arc:VBN-cc->IN	14	16	72	221	0.01444	0.2521
arc:JJ-cc->IN	7	5	72	221	0.01701	0.2841
tag:WRB	3	33	72	221	0.02148	0.3436
subj:we	16	22	72	221	0.02381	0.3658
arc:NN-amod->NN	4	1	72	221	0.02524	0.3659
Y:dep=pobj	5	45	72	221	0.02629	0.3659
tag:JJR	12	16	72	221	0.02668	0.3659
arc:VBN-oprd->JJ	4	1	72	221	0.02862	0.367
arc:IN-pcomp->VBG	11	64	72	221	0.02867	0.367
dep:pcomp	15	77	72	221	0.03262	0.4041
X:tag=VBG	0	15	72	221	0.04086	0.4452
arc:VBN-punct->.	18	31	72	221	0.0439	0.4452
arc:VB-aux->MD	8	44	72	221	0.04396	0.4452
dep:compound	49	180	72	221	0.04441	0.4452
dep:auxpass	30	58	72	221	0.04508	0.4452
arc:VBP-nsubj->PRP	20	35	72	221	0.0457	0.4452
XY:VBN/VBN	6	4	72	221	0.04616	0.4452
arc:VB-aux->TO	4	35	72	221	0.04623	0.4452
arc:VBZ-nsubj->NNP	2	25	72	221	0.04638	0.4452
arc:VBN-conj->VBN	6	4	72	221	0.05166	0.4838
arc:NN-det->DT	50	177	72	221	0.05331	0.4868
arc:VBP-advcl->VBG	6	8	72	221	0.05452	0.4868
subj:NP	41	154	72	221	0.05946	0.5173
arc:VBZ-nsubj->WDT	0	15	72	221	0.06395	0.5173
arc:NN-relcl->VBZ	0	15	72	221	0.06429	0.5173
arc:NN-amod->JJR	7	8	72	221	0.06503	0.5173
frame:than=cc<-VBG	0	13	72	221	0.06641	0.5173
arc:VBG-cc->IN	0	13	72	221	0.06641	0.5173
dep:conj	58	153	72	221	0.06736	0.5173
arc:VBP-advmod->RB	15	30	72	221	0.07266	0.5375
dep:acl	9	54	72	221	0.07279	0.5375
tag:TO	5	36	72	221	0.07636	0.5532
arc:VB-nsubj->NN	4	26	72	221	0.07804	0.555
root:VBN	16	29	72	221	0.08838	0.617
arc:NN-amod->JJ	50	180	72	221	0.09193	0.629
arc:NNS-cc->CC	2	23	72	221	0.09337	0.629
arc:VBZ-nsubj->PRP	0	11	72	221	0.09896	0.6552
arc:VBZ-punct->,	11	56	72	221	0.1064	0.6922
arc:VBZ-dobj->NN	10	52	72	221	0.1085	0.6944
X:dep=ROOT	16	29	72	221	0.1208	0.7341
arc:NNP-compound->NNP	3	26	72	221	0.1234	0.7341
arc:VBN-nsubjpass->NNS	11	17	72	221	0.1247	0.7341
arc:VBP-punct->,	16	36	72	221	0.125	0.7341
arc:NN-cc->IN	13	70	72	221	0.1271	0.7341
frame:than=cc<-NN	13	70	72	221	0.1271	0.7341
arc:VBZ-nsubj->NN	27	107	72	221	0.1281	0.7341
arc:NNS-compound->NN	23	100	72	221	0.1329	0.7503
X:dep=dobj	8	44	72	221	0.1423	0.7887
arc:VB-advmod->RB	2	19	72	221	0.1438	0.7887
dep:nsubjpass	27	57	72	221	0.146	0.7896
Y:dep=pcomp	10	47	72	221	0.1531	0.7897
arc:VBN-advmod->WRB	0	10	72	221	0.1533	0.7897
arc:VB-dobj->NNS	5	31	72	221	0.1538	0.7897
XY:VBG/VBG	0	9	72	221	0.1554	0.7897
XY:NNS/NN	1	13	72	221	0.1563	0.7897
tag:NNP	22	90	72	221	0.1605	0.7927
dep:appos	5	31	72	221	0.161	0.7927
dep:xcomp	4	27	72	221	0.1639	0.7967
arc:VBG-punct->,	0	9	72	221	0.1684	0.8085
arc:VBZ-advcl->VBG	2	20	72	221	0.1721	0.8159
dep:csubj	0	9	72	221	0.1743	0.816
tag:``	1	13	72	221	0.1819	0.8414
arc:VBN-dobj->NNS	3	3	72	221	0.1888	0.8629
root:VB	6	30	72	221	0.1933	0.8696
arc:VBG-conj->VBG	0	9	72	221	0.1951	0.8696
arc:NNS-conj->NNS	4	27	72	221	0.1992	0.8696
dep:ccomp	22	92	72	221	0.2	0.8696
tag:VBZ	42	148	72	221	0.2015	0.8696
arc:VBZ-conj->VB	0	8	72	221	0.2069	0.8709
arc:VBZ-prep->IN	12	55	72	221	0.2082	0.8709
tag:NN	69	219	72	221	0.2095	0.8709
arc:NN-appos->NN	0	8	72	221	0.2109	0.8709
arc:VB-nsubj->NNS	2	17	72	221	0.2236	0.9135
arc:VBD-advmod->RB	4	5	72	221	0.2342	0.9319
Y:tag=JJ	5	7	72	221	0.2362	0.9319
frame:than=prep<-NN	5	5	72	221	0.2368	0.9319
arc:VBN-auxpass->VBZ	6	31	72	221	0.2378	0.9319
arc:IN-pobj->NNS	29	116	72	221	0.2534	0.937
arc:NN-punct->-RRB-	0	8	72	221	0.2541	0.937
arc:NN-amod->VBG	1	13	72	221	0.2544	0.937
frame:than=prep<-VBP	3	3	72	221	0.2545	0.937
tag:RBR	1	11	72	221	0.2569	0.937
arc:VB-punct->:	0	7	72	221	0.2598	0.937
arc:NN-acl->VBN	2	16	72	221	0.2604	0.937
arc:NN-nummod->CD	8	15	72	221	0.2669	0.937
arc:VBP-advcl->VBN	3	2	72	221	0.2675	0.937
dep:pobj	58	196	72	221	0.2687	0.937
dep:prep	61	202	72	221	0.2688	0.937
arc:VB-punct->,	4	23	72	221	0.269	0.937
tag:''	1	11	72	221	0.2709	0.937
arc:VBG-prep->IN	7	37	72	221	0.2785	0.9418
dep:nummod	15	33	72	221	0.2815	0.9418
arc:IN-pobj->NN	46	162	72	221	0.2815	0.9418
arc:VBG-xcomp->VB	0	6	72	221	0.2826	0.9418
arc:VBN-agent->IN	1	13	72	221	0.2869	0.9418
dep:agent	1	13	72	221	0.2869	0.9418
X:tag=VBP	9	18	72	221	0.2933	0.9474
tag:CD	17	38	72	221	0.2936	0.9474
arc:VBN-npadvmod->NN	3	20	72	221	0.3003	0.9608
arc:VBG-cc->CC	0	7	72	221	0.307	0.9671
arc:NN-prep->IN	27	103	72	221	0.3073	0.9671
arc:VBD-dobj->NNS	0	6	72	221	0.3134	0.9686
dep:dobj	55	184	72	221	0.3173	0.9686
arc:VBN-advcl->VBG	0	6	72	221	0.3179	0.9686
arc:NN-appos->NNP	0	7	72	221	0.3203	0.9686
arc:VBP-advmod->WRB	0	7	72	221	0.3203	0.9686
arc:VB-advcl->VB	0	6	72	221	0.3277	0.9807
arc:VBN-dep->XX	2	14	72	221	0.3294	0.9807
X:dep=advcl	6	9	72	221	0.3374	0.9947
arc:NNS-amod->VBG	2	14	72	221	0.3393	0.9947
Y:tag=VBG	13	52	72	221	0.3419	0.9947
dep:oprd	4	5	72	221	0.3508	0.999
arc:VBZ-xcomp->VB	0	6	72	221	0.3541	0.999
arc:NNS-amod->JJ	39	112	72	221	0.3564	0.999
arc:IN-pobj->CD	3	3	72	221	0.3588	0.999
arc:VBZ-ccomp->VBP	4	7	72	221	0.3639	0.999
X:dep=xcomp	0	5	72	221	0.3681	0.999
tag:NNPS	4	7	72	221	0.3716	0.999
arc:NNP-case->POS	4	7	72	221	0.3716	0.999
arc:VBD-punct->.	2	15	72	221	0.3809	0.999
arc:VBZ-advcl->VBN	0	5	72	221	0.3868	0.999
arc:VB-punct->.	8	32	72	221	0.3903	0.999
arc:NNP-nummod->CD	0	5	72	221	0.3966	0.999
tag:PRP	26	64	72	221	0.3983	0.999
X:tag=VB	4	19	72	221	0.3995	0.999
X:tag=IN	1	9	72	221	0.4018	0.999
frame:than=cc<-IN	1	9	72	221	0.4018	0.999
arc:IN-cc->IN	1	9	72	221	0.4018	0.999
XY:IN/IN	1	9	72	221	0.4018	0.999
X:dep=attr	5	7	72	221	0.406	0.999
arc:NNP-punct->:	0	6	72	221	0.4062	0.999
arc:NN-conj->NN	23	61	72	221	0.4155	0.999
arc:NN-compound->NN	36	126	72	221	0.4267	0.999
arc:VBZ-ccomp->VBN	1	9	72	221	0.4395	0.999
arc:VBZ-ccomp->VBZ	4	20	72	221	0.4418	0.999
X:dep=pcomp	0	5	72	221	0.4449	0.999
arc:VBZ-csubj->VBG	0	5	72	221	0.4449	0.999
X:tag=NNP	0	5	72	221	0.4449	0.999
arc:VBD-nsubj->NNS	0	5	72	221	0.4449	0.999
dep:cc	63	204	72	221	0.4466	0.999
arc:NNS-acl->VBG	0	7	72	221	0.4605	0.999
arc:NNS-punct->,	9	19	72	221	0.4652	0.999
X:tag=NN	18	74	72	221	0.4662	0.999
arc:JJ-conj->NN	0	6	72	221	0.4714	0.999
X:dep=ccomp	3	17	72	221	0.4725	0.999
XY:NN/NNS	1	10	72	221	0.4734	0.999
arc:VBN-punct->:	4	6	72	221	0.4764	0.999
arc:JJR-prep->IN	3	4	72	221	0.4807	0.999
arc:NNS-relcl->VBP	1	11	72	221	0.4864	0.999
XY:VBN/IN	3	4	72	221	0.4904	0.999
arc:VBP-nsubj->NN	0	5	72	221	0.4945	0.999
tag:NNS	55	183	72	221	0.4958	0.999
arc:VB-prep->IN	6	26	72	221	0.503	0.999
arc:VBD-dobj->NN	1	9	72	221	0.5066	0.999
X:dep=prep	1	8	72	221	0.5087	0.999
tag:SYM	0	5	72	221	0.5194	0.999
arc:VB-advcl->VBG	0	5	72	221	0.5194	0.999
arc:VBG-dobj->NNP	0	5	72	221	0.5194	0.999
arc:NNS-advmod->RB	0	6	72	221	0.5197	0.999
arc:NNS-nummod->CD	8	17	72	221	0.5217	0.999
arc:VBN-advmod->RB	14	33	72	221	0.5249	0.999
arc:NNP-det->DT	2	13	72	221	0.5275	0.999
arc:NNS-acl->VBN	2	12	72	221	0.5289	0.999
XY:VB/VBG	2	11	72	221	0.5294	0.999
tag:CC	31	109	72	221	0.5302	0.999
dep:npadvmod	13	51	72	221	0.5314	0.999
arc:NNS-amod->VBN	8	33	72	221	0.5337	0.999
tag:WDT	7	34	72	221	0.5374	0.999
arc:JJ-advmod->RB	8	17	72	221	0.5398	0.999
arc:VBN-prep->IN	18	62	72	221	0.5418	0.999
tag:-LRB-	6	28	72	221	0.5448	0.999
arc:NNP-conj->NNP	0	6	72	221	0.5464	0.999
arc:NNP-cc->CC	0	6	72	221	0.5464	0.999
dep:det	59	189	72	221	0.549	0.999
arc:VBZ-advmod->RB	10	40	72	221	0.5604	0.999
arc:VBP-ccomp->VBP	0	5	72	221	0.5641	0.999
arc:VBP-conj->VBD	0	5	72	221	0.5641	0.999
tag:,	45	152	72	221	0.5802	0.999
arc:NNS-cc->IN	10	37	72	221	0.5856	0.999
arc:NN-conj->NNS	6	11	72	221	0.5856	0.999
Y:tag=NN	20	75	72	221	0.5941	0.999
arc:VBD-prep->IN	3	14	72	221	0.5957	0.999
tag:POS	8	19	72	221	0.5968	0.999
arc:JJ-cc->CC	4	21	72	221	0.5996	0.999
arc:JJ-advmod->RBR	1	7	72	221	0.6093	0.999
arc:VBP-conj->VBP	1	4	72	221	0.6101	0.999
XY:VBP/VBG	5	11	72	221	0.6105	0.999
arc:NN-amod->VBN	12	44	72	221	0.6144	0.999
tag:XX	11	43	72	221	0.6153	0.999
arc:NN-compound->NNP	5	22	72	221	0.6164	0.999
dep:dep	12	46	72	221	0.6184	0.999
tag:VBD	14	54	72	221	0.6203	0.999
arc:NNP-prep->IN	1	8	72	221	0.6243	0.999
arc:NNS-compound->NNP	4	18	72	221	0.6396	0.999
frame:than=cc<-VB	3	13	72	221	0.6431	0.999
arc:VB-cc->IN	3	13	72	221	0.6431	0.999
arc:VBN-conj->VBZ	2	3	72	221	0.6438	0.999
dep:quantmod	1	4	72	221	0.6438	0.999
Y:tag=VB	3	4	72	221	0.6454	0.999
arc:NNP-amod->JJ	1	8	72	221	0.6465	0.999
tag:DT	61	193	72	221	0.6466	0.999
arc:VBP-conj->VBG	2	4	72	221	0.6524	0.999
subj:other pronoun	7	14	72	221	0.6536	0.999
dep:mark	27	78	72	221	0.6536	0.999
arc:VB-dobj->NN	10	34	72	221	0.6651	0.999
arc:JJ-amod->JJ	1	7	72	221	0.6651	0.999
arc:NN-punct->-LRB-	2	12	72	221	0.6664	0.999
arc:VBZ-advmod->WRB	2	10	72	221	0.6715	0.999
arc:NN-advmod->RB	2	10	72	221	0.6737	0.999
arc:VBN-cc->CC	3	15	72	221	0.6783	0.999
arc:VBZ-nsubj->DT	5	10	72	221	0.681	0.999
dep:case	8	20	72	221	0.6857	0.999
arc:NNP-compound->NN	1	4	72	221	0.6859	0.999
arc:VBP-attr->NNS	2	6	72	221	0.6937	0.999
arc:JJ-npadvmod->NN	9	23	72	221	0.6954	0.999
arc:NNS-amod->JJR	2	7	72	221	0.6999	0.999
arc:NNP-nmod->NNP	0	5	72	221	0.7076	0.999
arc:JJ-prep->IN	4	18	72	221	0.7097	0.999
arc:VBD-nsubj->NN	2	7	72	221	0.7099	0.999
frame:than=cc<-NNS	10	35	72	221	0.7104	0.999
arc:VBP-nsubj->WDT	1	9	72	221	0.7134	0.999
subj:our-NP	2	15	72	221	0.722	0.999
arc:NN-nmod->NN	3	14	72	221	0.7261	0.999
tag:HYPH	30	85	72	221	0.7261	0.999
frame:than=prep<-VB	1	6	72	221	0.7278	0.999
dep:poss	23	68	72	221	0.7297	0.999
arc:VBN-punct->-RRB-	3	13	72	221	0.7331	0.999
arc:VBN-nsubj->NNS	1	5	72	221	0.7387	0.999
arc:VB-nsubj->PRP	2	5	72	221	0.7397	0.999
arc:VBN-parataxis->VBD	1	5	72	221	0.7402	0.999
arc:IN-pobj->NNPS	2	4	72	221	0.7402	0.999
arc:VBN-auxpass->VBD	1	5	72	221	0.7402	0.999
dep:amod	69	209	72	221	0.7443	0.999
arc:NN-punct->.	1	7	72	221	0.7463	0.999
dep:acomp	13	33	72	221	0.7508	0.999
X:tag=VBZ	3	13	72	221	0.7554	0.999
arc:VBP-cc->CC	2	12	72	221	0.7572	0.999
arc:VBN-conj->VBD	2	6	72	221	0.7648	0.999
dep:parataxis	6	15	72	221	0.765	0.999
arc:VBP-punct->:	4	8	72	221	0.7665	0.999
root:VBD	2	11	72	221	0.769	0.999
tag::	16	42	72	221	0.77	0.999
arc:NN-cc->CC	15	40	72	221	0.7711	0.999
arc:VBN-nsubjpass->WDT	2	3	72	221	0.7714	0.999
tag:NFP	1	4	72	221	0.7714	0.999
dep:nsubj	66	208	72	221	0.7746	0.999
arc:VBZ-punct->:	4	12	72	221	0.7766	0.999
arc:VB-aux->VBP	2	5	72	221	0.7784	0.999
arc:VBN-ccomp->VBP	2	4	72	221	0.7804	0.999
arc:NN-acl->VB	1	7	72	221	0.794	0.999
dep:relcl	12	45	72	221	0.7974	0.999
arc:VB-ccomp->VBZ	1	5	72	221	0.8072	0.999
arc:NN-acl->VBZ	2	3	72	221	0.812	0.999
arc:NNS-amod->NN	2	3	72	221	0.812	0.999
arc:VBZ-dobj->NNS	7	26	72	221	0.8128	0.999
arc:VBZ-cc->CC	7	21	72	221	0.8187	0.999
tag:JJ	69	210	72	221	0.8233	0.999
arc:NNS-relcl->VBZ	2	3	72	221	0.8261	0.999
arc:VBN-nsubjpass->NNP	1	4	72	221	0.8261	0.999
arc:VBZ-advcl->VB	1	4	72	221	0.8261	0.999
dep:aux	28	87	72	221	0.8266	0.999
arc:IN-punct->HYPH	3	8	72	221	0.8302	0.999
Y:dep=ccomp	0	5	72	221	0.8303	0.999
X:dep=relcl	2	7	72	221	0.8338	0.999
arc:VBN-auxpass->VBP	7	16	72	221	0.835	0.999
Y:tag=IN	8	22	72	221	0.838	0.999
arc:IN-pobj->NNP	6	23	72	221	0.8401	0.999
arc:NN-case->POS	4	11	72	221	0.8408	0.999
arc:JJ-punct->HYPH	10	27	72	221	0.8461	0.999
arc:VB-neg->RB	4	9	72	221	0.8495	0.999
arc:NN-compound->NNS	1	6	72	221	0.8501	0.999
XY:JJ/JJ	2	3	72	221	0.8508	0.999
arc:VBZ-punct->-RRB-	2	9	72	221	0.8541	0.999
frame:than=cc<-VBP	6	17	72	221	0.8543	0.999
arc:VBP-cc->IN	6	17	72	221	0.8543	0.999
arc:VB-conj->VB	3	9	72	221	0.8603	0.999
arc:NNS-punct->-RRB-	1	5	72	221	0.8621	0.999
arc:VBD-cc->CC	2	4	72	221	0.8621	0.999
arc:VBZ-mark->IN	11	33	72	221	0.8649	0.999
arc:VBP-advcl->VBD	1	4	72	221	0.8653	0.999
XY:VBN/VBD	2	3	72	221	0.8653	0.999
arc:IN-prep->IN	5	14	72	221	0.8675	0.999
arc:VB-mark->IN	2	7	72	221	0.8734	0.999
arc:VBD-punct->-RRB-	8	30	72	221	0.8747	0.999
dep:advcl	26	78	72	221	0.8769	0.999
arc:VBN-nsubjpass->NN	12	34	72	221	0.878	0.999
arc:NN-acl->VBD	2	3	72	221	0.8787	0.999
arc:NN-punct->,	12	38	72	221	0.8788	0.999
dep:nmod	8	30	72	221	0.8802	0.999
XY:VBZ/VBG	2	9	72	221	0.8813	0.999
arc:NN-punct->:	3	8	72	221	0.8826	0.999
arc:VBZ-conj->VBZ	3	12	72	221	0.8864	0.999
X:tag=NNS	12	33	72	221	0.8867	0.999
tag:VBN	43	134	72	221	0.8869	0.999
arc:VBD-punct->,	2	9	72	221	0.888	0.999
dep:attr	11	33	72	221	0.8925	0.999
arc:JJ-punct->,	3	6	72	221	0.8948	0.999
arc:VBZ-attr->NN	7	24	72	221	0.8948	0.999
X:dep=acl	1	5	72	221	0.8963	0.999
tag:VB	30	90	72	221	0.9	0.999
arc:VBP-advcl->VBZ	2	4	72	221	0.9001	0.999
arc:NN-compound->JJ	1	5	72	221	0.9001	0.999
arc:NNS-det->DT	21	67	72	221	0.9004	0.999
tag:RP	2	5	72	221	0.9023	0.999
dep:prt	2	5	72	221	0.9023	0.999
arc:VBZ-conj->VBN	2	3	72	221	0.9032	0.999
arc:VB-acomp->JJ	1	4	72	221	0.9032	0.999
arc:VBZ-cc->IN	2	8	72	221	0.9037	0.999
arc:IN-amod->JJ	3	11	72	221	0.9049	0.999
arc:VB-nsubj->NNP	2	4	72	221	0.9084	0.999
XY:NN/NN	15	52	72	221	0.9142	0.999
arc:NN-poss->NN	4	9	72	221	0.9161	0.999
X:dep=pobj	16	49	72	221	0.9239	0.999
frame:than=prep<-VBZ	1	6	72	221	0.9255	0.999
tag:PRP$	15	52	72	221	0.9265	0.999
XY:VB/VB	1	4	72	221	0.9299	0.999
arc:VBP-dobj->NN	10	33	72	221	0.9351	0.999
X:dep=conj	6	16	72	221	0.9412	0.999
tag:MD	19	52	72	221	0.9412	0.999
arc:VBP-ccomp->VBN	1	5	72	221	0.9417	0.999
Y:tag=VBD	2	4	72	221	0.9417	0.999
arc:VBG-ccomp->VBZ	3	8	72	221	0.9431	0.999
arc:VBG-ccomp->VBP	1	6	72	221	0.9468	0.999
arc:NNP-punct->HYPH	1	6	72	221	0.9468	0.999
XY:NNS/NNS	7	19	72	221	0.9473	0.999
arc:NNS-conj->NN	6	15	72	221	0.9493	0.999
arc:VBZ-neg->RB	1	5	72	221	0.9503	0.999
arc:NN-relcl->VBP	1	5	72	221	0.9503	0.999
arc:VBZ-acomp->JJ	5	17	72	221	0.9521	0.999
Y:tag=NNS	10	33	72	221	0.9522	0.999
frame:than=cc<-VBZ	2	7	72	221	0.9524	0.999
arc:IN-pcomp->RB	1	5	72	221	0.9539	0.999
XY:VBN/VBG	1	5	72	221	0.9539	0.999
arc:VBN-mark->IN	8	20	72	221	0.9582	0.999
arc:VBD-dep->XX	6	23	72	221	0.9592	0.999
arc:NN-poss->PRP$	9	33	72	221	0.9602	0.999
arc:VBP-nsubj->NNS	17	61	72	221	0.961	0.999
arc:VBP-mark->IN	5	22	72	221	0.9614	0.999
arc:VBP-acomp->JJ	4	10	72	221	0.9665	0.999
Y:dep=prep	7	21	72	221	0.9668	0.999
arc:NNS-poss->PRP$	6	22	72	221	0.9678	0.999
arc:VBP-ccomp->VBZ	3	8	72	221	0.9696	0.999
arc:VBN-punct->HYPH	7	25	72	221	0.9706	0.999
arc:VBN-xcomp->VB	2	5	72	221	0.9714	0.999
dep:neg	6	20	72	221	0.9716	0.999
arc:NN-relcl->VBN	1	5	72	221	0.9757	0.999
arc:VB-advcl->VBN	1	5	72	221	0.9757	0.999
arc:NN-poss->NNP	2	6	72	221	0.9762	0.999
arc:NNS-punct->-LRB-	1	5	72	221	0.9764	0.999
arc:VBN-ccomp->VBN	2	4	72	221	0.9764	0.999
tag:JJS	2	4	72	221	0.9764	0.999
arc:JJ-conj->JJ	5	14	72	221	0.982	0.999
arc:NN-punct->HYPH	17	50	72	221	0.9835	0.999
arc:VBN-aux->VBP	1	4	72	221	0.9841	0.999
arc:VBN-punct->,	8	23	72	221	0.9848	0.999
Y:dep=dobj	2	4	72	221	0.9883	0.999
subj:none	6	16	72	221	0.99	0.999
arc:NN-acl->VBG	1	6	72	221	0.9943	0.999
arc:NNS-prep->IN	18	60	72	221	0.9966	0.999
arc:NNP-punct->,	3	7	72	221	0.997	0.999
arc:VB-cc->CC	4	13	72	221	0.9971	0.999
tag:-RRB-	16	55	72	221	0.9989	0.999
arc:VBP-ccomp->VB	1	5	72	221	0.999	0.999
