# batch	corpus	doc_id: every paper drawn for generation; draws never repeat these
batch1	acl2019	2019.ccnlg-1.1
batch1	acl2019	2019.ccnlg-1.2
batch1	acl2019	2019.ccnlg-1.3
batch1	acl2019	2019.ccnlg-1.4
batch1	acl2019	2019.ccnlg-1.5
batch1	acl2019	2019.ccnlg-1.6
batch1	acl2019	2019.clicit-1.1
batch1	acl2019	2019.clicit-1.10
batch1	acl2019	2019.clicit-1.11
batch1	acl2019	2019.clicit-1.12
batch1	acl2019	2019.clicit-1.13
batch1	acl2019	2019.clicit-1.14
batch1	acl2019	2019.clicit-1.15
batch1	acl2019	2019.clicit-1.16
batch1	acl2019	2019.clicit-1.17
batch1	acl2019	2019.clicit-1.18
batch1	acl2019	2019.clicit-1.19
batch1	acl2019	2019.clicit-1.2
batch1	acl2019	2019.clicit-1.20
batch1	acl2019	2019.clicit-1.21
batch1	acl2019	2019.clicit-1.22
batch1	acl2019	2019.clicit-1.23
batch1	acl2019	2019.clicit-1.24
batch1	acl2019	2019.clicit-1.25
batch1	acl2019	2019.clicit-1.26
batch1	acl2019	2019.clicit-1.27
batch1	acl2019	2019.clicit-1.28
batch1	acl2019	2019.clicit-1.29
batch1	acl2019	2019.clicit-1.3
batch1	acl2019	2019.clicit-1.30
batch1	acl2019	2019.clicit-1.31
batch1	acl2019	2019.clicit-1.32
batch1	acl2019	2019.clicit-1.33
batch1	acl2019	2019.clicit-1.34
batch1	acl2019	2019.clicit-1.35
batch1	acl2019	2019.clicit-1.36
batch1	acl2019	2019.clicit-1.37
batch1	acl2019	2019.clicit-1.38
batch1	acl2019	2019.clicit-1.39
batch1	acl2019	2019.clicit-1.4
batch1	acl2019	2019.clicit-1.40
batch1	acl2019	2019.clicit-1.41
batch1	acl2019	2019.clicit-1.42
batch1	acl2019	2019.clicit-1.43
batch1	acl2019	2019.clicit-1.44
batch1	acl2019	2019.clicit-1.45
batch1	acl2019	2019.clicit-1.46
batch1	acl2019	2019.clicit-1.47
batch1	acl2019	2019.clicit-1.48
batch1	acl2019	2019.clicit-1.49
batch1	acl2019	2019.clicit-1.5
batch1	acl2019	2019.clicit-1.50
batch1	acl2019	2019.clicit-1.51
batch1	acl2019	2019.clicit-1.52
batch1	acl2019	2019.clicit-1.53
batch1	acl2019	2019.clicit-1.54
batch1	acl2019	2019.clicit-1.55
batch1	acl2019	2019.clicit-1.56
batch1	acl2019	2019.clicit-1.57
batch1	acl2019	2019.clicit-1.58
batch1	acl2019	2019.clicit-1.59
batch1	acl2019	2019.clicit-1.6
batch1	acl2019	2019.clicit-1.60
batch1	acl2019	2019.clicit-1.61
batch1	acl2019	2019.clicit-1.62
batch1	acl2019	2019.clicit-1.63
batch1	acl2019	2019.clicit-1.64
batch1	acl2019	2019.clicit-1.65
batch1	acl2019	2019.clicit-1.66
batch1	acl2019	2019.clicit-1.67
batch1	acl2019	2019.clicit-1.68
batch1	acl2019	2019.clicit-1.69
batch1	acl2019	2019.clicit-1.7
batch1	acl2019	2019.clicit-1.70
batch1	acl2019	2019.clicit-1.71
batch1	acl2019	2019.clicit-1.72
batch1	acl2019	2019.clicit-1.73
batch1	acl2019	2019.clicit-1.74
batch1	acl2019	2019.clicit-1.75
batch1	acl2019	2019.clicit-1.76
batch1	acl2019	2019.clicit-1.77
batch1	acl2019	2019.clicit-1.78
batch1	acl2019	2019.clicit-1.79
batch1	acl2019	2019.clicit-1.8
batch1	acl2019	2019.clicit-1.9
batch1	acl2019	2019.dnd-10.1
batch1	acl2019	2019.dnd-10.10
batch1	acl2019	2019.dnd-10.2
batch1	acl2019	2019.dnd-10.3
batch1	acl2019	2019.dnd-10.4
batch1	acl2019	2019.dnd-10.5
batch1	acl2019	2019.dnd-10.6
batch1	acl2019	2019.dnd-10.7
batch1	acl2019	2019.dnd-10.8
batch1	acl2019	2019.dnd-10.9
batch1	acl2019	2019.gwc-1.1
batch1	acl2019	2019.gwc-1.10
batch1	acl2019	2019.gwc-1.11
batch1	acl2019	2019.gwc-1.12
batch1	acl2019	2019.gwc-1.13
batch2	arxiv2026	2608.30683
batch2	acl2019	S19-2004
batch2	acl2019	2019.nsurl-1.19
batch2	acl2019	P19-1072
batch2	arxiv2026	2606.03437
batch2	arxiv2026	2609.03005
batch2	acl2019	W19-4606
batch2	arxiv2026	2604.20917
batch2	acl2019	K19-2007
batch2	acl2019	P19-1036
batch2	arxiv2026	2606.07479
batch2	acl2019	W19-4028
batch2	arxiv2026	2602.19146
batch2	acl2019	P19-1257
batch2	arxiv2026	2608.23830
batch2	arxiv2026	2601.07208
batch2	acl2019	W19-3305
batch2	arxiv2026	2601.18486
batch2	acl2019	W19-6719
batch2	arxiv2026	2603.14968
batch2	arxiv2026	2601.21244
batch2	acl2019	W19-3112
batch2	arxiv2026	2606.07924
batch2	arxiv2026	2601.16890
batch2	arxiv2026	2606.16845
batch2	acl2019	P19-1101
batch2	acl2019	2019.iwslt-1.13
batch2	acl2019	D19-1051
batch2	acl2019	W19-5058
batch2	acl2019	P19-1119
batch2	acl2019	W19-5917
batch2	acl2019	D19-1322
batch2	arxiv2026	2608.21806
batch2	acl2019	W19-1704
batch2	acl2019	2019.gwc-1.25
batch2	acl2019	W19-5032
batch2	arxiv2026	2606.23881
batch2	acl2019	W19-6007
batch2	arxiv2026	2601.10085
batch2	arxiv2026	2606.16151
batch2	arxiv2026	2604.06685
batch2	acl2019	S19-2084
batch2	arxiv2026	2608.21946
batch2	arxiv2026	2609.07699
batch2	arxiv2026	2606.29793
batch2	arxiv2026	2604.24470
batch2	acl2019	N19-1377
batch2	arxiv2026	2602.21669
batch2	arxiv2026	2604.15847
batch2	arxiv2026	2606.13288
batch2	arxiv2026	2609.03215
batch2	arxiv2026	2608.30987
batch2	arxiv2026	2606.22565
batch2	acl2019	N19-1165
batch2	acl2019	D19-1626
batch2	acl2019	W19-8613
batch2	acl2019	D19-1675
batch2	arxiv2026	2603.15421
batch2	arxiv2026	2606.01991
batch2	arxiv2026	2601.18302
batch2	arxiv2026	2609.03597
batch2	acl2019	R19-1077
batch2	acl2019	N19-1226
batch2	arxiv2026	2601.03549
batch2	acl2019	Q19-1025
batch2	arxiv2026	2607.26191
batch2	arxiv2026	2601.16690
batch2	arxiv2026	2604.22517
batch2	acl2019	P19-1343
batch2	acl2019	P19-1424
batch2	acl2019	S19-1005
batch2	acl2019	D19-1233
batch2	acl2019	R19-1076
batch2	arxiv2026	2606.18636
batch2	arxiv2026	2609.07687
batch2	arxiv2026	2608.24977
batch2	acl2019	D19-1651
batch2	arxiv2026	2609.01564
batch2	arxiv2026	2606.06715
batch2	acl2019	N19-1327
batch2	arxiv2026	2609.00999
batch2	arxiv2026	2605.26007
batch2	arxiv2026	2603.19167
batch2	acl2019	D19-1108
batch2	arxiv2026	2601.19360
batch2	arxiv2026	2609.08355
batch2	arxiv2026	2609.00624
batch2	acl2019	N19-1038
batch2	acl2019	W19-8403
batch2	acl2019	N19-2001
batch2	acl2019	N19-1092
batch2	acl2019	S19-2036
batch2	acl2019	P19-1188
batch2	arxiv2026	2609.02942
batch2	acl2019	W19-3011
batch2	acl2019	D19-1591
batch2	acl2019	P19-1492
batch2	arxiv2026	2603.15034
batch2	acl2019	D19-1085
batch2	acl2019	2019.gwc-1.19
batch3	arxiv2026	2608.14377
batch3	arxiv2026	2604.17930
batch3	acl2019	W19-4423
batch3	acl2019	W19-4719
batch3	acl2019	S19-2070
batch3	acl2019	W19-8634
batch3	acl2019	W19-6602
batch3	arxiv2026	2604.15866
batch3	acl2019	R19-1062
batch3	acl2019	D19-3006
batch3	acl2019	N19-1093
batch3	arxiv2026	2603.02760
batch3	arxiv2026	2609.00470
batch3	arxiv2026	2605.07248
batch3	acl2019	S19-2121
batch3	arxiv2026	2606.05054
batch3	arxiv2026	2604.13787
batch3	arxiv2026	2605.20364
batch3	arxiv2026	2606.02837
batch3	acl2019	W19-8664
batch3	arxiv2026	2608.24080
batch3	arxiv2026	2605.05025
batch3	acl2019	R19-1109
batch3	arxiv2026	2608.28040
batch3	acl2019	P19-1096
batch3	acl2019	D19-1331
batch3	acl2019	K19-1054
batch3	acl2019	W19-0120
batch3	arxiv2026	2606.31980
batch3	arxiv2026	2604.19245
batch3	arxiv2026	2608.29077
batch3	arxiv2026	2605.30965
batch3	acl2019	S19-2008
batch3	acl2019	2019.gwc-1.2
batch3	acl2019	W19-3711
batch3	arxiv2026	2601.08146
batch3	acl2019	D19-1011
batch3	acl2019	P19-1144
batch3	acl2019	D19-5704
batch3	arxiv2026	2605.02695
batch3	acl2019	N19-1244
batch3	acl2019	W19-5119
batch3	acl2019	N19-1053
batch3	acl2019	D19-5503
batch3	arxiv2026	2605.30504
batch3	acl2019	R19-1011
batch3	acl2019	D19-1340
batch3	acl2019	2019.nsurl-1.6
batch3	acl2019	D19-1663
batch3	acl2019	D19-5518
batch3	arxiv2026	2604.15841
batch3	arxiv2026	2603.16091
batch3	acl2019	R19-1110
batch3	acl2019	W19-8657
batch3	arxiv2026	2609.10395
batch3	acl2019	N19-1344
batch3	acl2019	N19-3009
batch3	arxiv2026	2604.27550
batch3	arxiv2026	2603.14975
batch3	acl2019	D19-5003
batch3	arxiv2026	2609.07103
batch3	acl2019	W19-1801
batch3	acl2019	W19-2008
batch3	arxiv2026	2601.01972
batch3	acl2019	P19-1405
batch3	acl2019	D19-1657
batch3	acl2019	R19-1147
batch3	arxiv2026	2603.16848
batch3	arxiv2026	2608.26506
batch3	arxiv2026	2605.29712
batch3	acl2019	P19-1371
batch3	arxiv2026	2609.00051
batch3	acl2019	S19-2203
batch3	arxiv2026	2604.19565
batch3	acl2019	2019.iwslt-1.30
batch3	acl2019	W19-4509
batch3	arxiv2026	2604.12223
batch3	arxiv2026	2606.12854
batch3	acl2019	D19-5818
batch3	arxiv2026	2604.02176
batch3	arxiv2026	2608.26357
batch3	acl2019	D19-5013
batch3	arxiv2026	2606.17449
batch3	arxiv2026	2608.23353
batch3	arxiv2026	2609.01316
batch3	acl2019	N19-2022
batch3	arxiv2026	2609.04484
batch3	acl2019	S19-2187
batch3	acl2019	W19-9006
batch3	acl2019	P19-1585
batch3	acl2019	D19-1601
batch3	arxiv2026	2608.25894
batch3	arxiv2026	2604.15839
batch3	arxiv2026	2608.29239
batch3	acl2019	N19-4004
batch3	acl2019	N19-1005
batch3	acl2019	2019.iwslt-1.16
batch3	acl2019	W19-3313
batch3	acl2019	P19-1059
batch3	arxiv2026	2606.08857
batch3	arxiv2026	2606.32029
batch3	acl2019	W19-3709
batch3	acl2019	N19-5006
batch3	acl2019	D19-1375
batch3	arxiv2026	2606.22454
batch3	arxiv2026	2601.17172
batch3	acl2019	P19-1437
batch3	arxiv2026	2606.21345
batch3	arxiv2026	2604.10733
batch3	acl2019	N19-1290
batch3	acl2019	W19-5308
batch3	arxiv2026	2607.12383
batch3	arxiv2026	2606.07520
batch3	acl2019	P19-2032
batch3	acl2019	P19-1453
batch3	arxiv2026	2601.12061
batch3	arxiv2026	2602.07499
batch3	arxiv2026	2609.01195
batch3	acl2019	2019.icon-1.7
batch3	acl2019	N19-1383
batch3	acl2019	W19-6142
batch3	arxiv2026	2609.01432
batch3	acl2019	D19-1006
batch3	acl2019	P19-1284
batch3	acl2019	W19-2010
batch3	arxiv2026	2609.06011
batch3	acl2019	D19-1664
batch3	acl2019	D19-1243
batch3	acl2019	W19-5514
batch3	arxiv2026	2601.13690
batch3	arxiv2026	2603.29467
batch3	arxiv2026	2602.08672
batch3	acl2019	W19-3821
batch3	acl2019	P19-1522
batch3	arxiv2026	2609.03261
batch3	arxiv2026	2608.15129
batch3	arxiv2026	2604.14856
batch3	arxiv2026	2608.25343
batch3	arxiv2026	2605.23032
batch3	arxiv2026	2604.21159
batch3	acl2019	N19-1109
batch3	acl2019	K19-1049
batch3	arxiv2026	2605.18766
batch3	acl2019	N19-1307
batch3	arxiv2026	2601.03669
batch3	arxiv2026	2602.10118
batch3	acl2019	N19-1021
batch3	acl2019	W19-4821
batch3	acl2019	P19-1274
batch3	acl2019	D19-6404
batch3	acl2019	W19-7704
batch3	arxiv2026	2609.05637
batch3	arxiv2026	2605.09156
batch3	arxiv2026	2606.04483
batch3	acl2019	S19-2072
batch3	arxiv2026	2608.11847
batch3	acl2019	S19-2031
batch3	arxiv2026	2607.00274
batch3	acl2019	W19-5312
batch3	acl2019	W19-4101
batch3	arxiv2026	2609.03923
batch3	acl2019	N19-1347
batch3	arxiv2026	2602.00758
batch3	acl2019	S19-2154
batch3	arxiv2026	2601.20465
batch3	arxiv2026	2606.04807
batch3	arxiv2026	2603.13038
batch3	arxiv2026	2604.05318
batch3	arxiv2026	2601.06600
batch3	arxiv2026	2608.24306
batch3	arxiv2026	2608.25277
batch3	acl2019	W19-3211
batch3	acl2019	D19-1115
batch3	acl2019	P19-1641
batch3	arxiv2026	2608.23391
batch3	arxiv2026	2602.20610
batch3	acl2019	R19-1111
batch3	acl2019	P19-1247
batch3	arxiv2026	2604.05930
batch3	acl2019	K19-1043
batch3	acl2019	S19-2146
batch3	arxiv2026	2602.20580
batch3	acl2019	W19-6103
batch3	arxiv2026	2604.18913
batch3	arxiv2026	2601.05877
batch3	acl2019	W19-5211
batch3	arxiv2026	2609.00833
batch3	acl2019	2019.nsurl-1.7
batch3	acl2019	P19-1126
batch3	acl2019	W19-7008
batch3	arxiv2026	2607.20430
batch3	arxiv2026	2605.20537
batch3	arxiv2026	2608.30738
batch3	arxiv2026	2602.03412
batch3	arxiv2026	2608.22956
batch3	arxiv2026	2605.18769
batch3	arxiv2026	2606.30815
batch3	arxiv2026	2604.19274
batch3	acl2019	W19-1802
batch3	acl2019	W19-3015
batch3	acl2019	W19-6304
batch3	acl2019	S19-2040
batch3	arxiv2026	2608.26689
batch3	arxiv2026	2609.00759
batch3	acl2019	P19-1214
batch3	acl2019	N19-1156
batch3	acl2019	W19-5209
batch3	acl2019	W19-1908
batch3	acl2019	R19-2006
batch3	acl2019	P19-1243
batch3	acl2019	D19-1606
batch3	arxiv2026	2609.01356
batch3	arxiv2026	2602.19643
batch3	arxiv2026	2601.19096
batch3	acl2019	2019.rocling-1.9
batch3	acl2019	P19-1322
batch3	acl2019	D19-5414
batch3	acl2019	W19-7420
batch3	arxiv2026	2607.14252
batch3	arxiv2026	2604.18509
batch3	arxiv2026	2606.09466
batch3	arxiv2026	2609.02496
batch3	acl2019	W19-0122
batch3	acl2019	2019.icon-1.21
batch3	arxiv2026	2608.30437
batch3	acl2019	D19-1637
batch3	acl2019	D19-1605
batch3	arxiv2026	2608.21409
batch3	acl2019	W19-3024
batch3	acl2019	D19-1056
batch3	arxiv2026	2607.29287
batch3	arxiv2026	2607.07318
batch3	arxiv2026	2603.21461
batch3	arxiv2026	2601.07698
batch3	arxiv2026	2608.25622
batch3	acl2019	S19-2103
batch3	arxiv2026	2608.23037
batch3	arxiv2026	2605.14117
batch3	acl2019	D19-1525
batch3	arxiv2026	2605.23039
batch3	acl2019	W19-3510
batch3	acl2019	W19-4710
batch3	acl2019	2019.gwc-1.26
batch3	arxiv2026	2601.09515
batch3	arxiv2026	2608.29662
batch3	arxiv2026	2605.00506
batch3	arxiv2026	2606.29067
batch3	arxiv2026	2604.18041
batch3	acl2019	D19-1682
batch3	acl2019	W19-0606
batch3	acl2019	N19-1182
batch3	arxiv2026	2606.13120
batch3	arxiv2026	2601.03645
batch3	arxiv2026	2608.26118
batch3	acl2019	W19-4431
batch3	acl2019	N19-1397
batch3	acl2019	P19-1658
batch3	arxiv2026	2604.10533
batch3	arxiv2026	2606.06443
batch3	arxiv2026	2605.30051
batch3	arxiv2026	2608.31058
batch3	arxiv2026	2609.08965
batch3	arxiv2026	2606.10307
batch3	arxiv2026	2609.04676
batch3	arxiv2026	2604.10717
batch3	acl2019	D19-1091
batch3	arxiv2026	2609.04539
batch3	arxiv2026	2609.02772
batch3	arxiv2026	2609.03953
batch3	acl2019	J19-2005
batch3	arxiv2026	2604.22166
batch3	acl2019	S19-2201
batch3	arxiv2026	2608.30485
batch3	acl2019	W19-6130
batch3	arxiv2026	2609.03814
batch3	arxiv2026	2609.05821
batch3	arxiv2026	2604.17316
batch3	acl2019	D19-1377
batch3	acl2019	W19-7725
batch3	arxiv2026	2609.04598
batch3	arxiv2026	2606.13647
batch3	arxiv2026	2605.02712
batch3	arxiv2026	2606.24259
batch3	arxiv2026	2606.19744
batch3	acl2019	N19-1128
batch3	acl2019	N19-1375
batch3	acl2019	P19-1122
batch3	acl2019	W19-5948
batch3	arxiv2026	2605.30348
batch3	acl2019	D19-6131
batch3	arxiv2026	2601.16629
batch3	arxiv2026	2602.00459
batch3	acl2019	W19-4302
batch3	acl2019	D19-1009
batch3	arxiv2026	2601.09696
batch3	arxiv2026	2609.08585
batch3	acl2019	W19-8702
batch3	acl2019	P19-1596
batch3	acl2019	2019.gwc-1.27
batch3	acl2019	D19-1232
